basin,trial,reservoir_size,washout,spectral_radius,leaking_rate,ridge_alpha,input_scaling,rc_connectivity,ema_alpha,add_bias,clamp_nonneg,nse_val,kge_val,score,loss,elapsed_sec
Areta,0,1726,157,0.5819389637863162,0.08516086999377406,0.00011990824665830828,0.7252723428684043,0.10203095409240873,0.33379395553606495,True,True,0.8014792540475288,0.7647733041281634,0.7831262790878462,-0.7831262790878462,8.133579015731812
Areta,1,756,198,0.6427107979194358,0.030366963697472344,8.062974042595745e-05,0.9499726216587607,0.3435811254937386,0.20100067400339977,True,True,0.7948001713406774,0.7607549193156263,0.7777775453281519,-0.7777775453281519,4.571164131164551
Areta,2,1623,60,0.35964600984127526,0.0019040003270569845,5.989024641048573e-07,1.1665062366221772,0.315368560987554,0.3997822246148699,True,True,-152.5769578367526,-22.007405802866586,-87.2921818198096,87.2921818198096,22.29006791114807
Areta,3,814,245,0.4974156313537224,0.017223701741088508,4.2824201135423036e-07,0.832366041357897,0.3921763277128536,0.2874690468139418,True,True,0.5465979063409468,0.5560067191032482,0.5513023127220975,-0.5513023127220975,5.950314998626709
Areta,4,770,125,0.5824102479174293,0.08943431677355157,1.1973607431796984e-08,1.280585794722761,0.19895273234213068,0.263599858684179,True,True,0.708603468677248,0.8444871160994609,0.7765452923883545,-0.7765452923883545,3.2784411907196045
Areta,5,1614,204,0.8242499062624297,0.03487287742049242,2.6141680572425406e-06,0.776285023848832,0.3660411870515717,0.36692825095474235,True,True,0.6666005897805536,0.684064788868571,0.6753326893245624,-0.6753326893245624,23.68879795074463
Areta,6,1228,99,0.3035597821452363,0.001057391797095536,1.3999415436863237e-05,1.3699557701049385,0.31262587750967813,0.4341099056528005,True,True,-98.75485477849924,-13.772551019651834,-56.26370289907553,56.26370289907553,11.076971769332886
Areta,7,933,122,0.3803026870444088,0.01542034061232934,6.047993141417222e-05,1.1974689680768151,0.12482281905871731,0.13828738443558514,True,True,0.7340839417875383,0.707629274967122,0.7208566083773302,-0.7208566083773302,3.218778371810913
Areta,8,1557,71,0.3491380829946182,0.027526359840271145,2.6122165936753077e-06,1.1194169582654214,0.082333293354631,0.40881626826515227,True,True,0.7963028970722289,0.8363435909543024,0.8163232440132657,-0.8163232440132657,6.6061718463897705
Areta,9,1401,125,0.3641182912999821,0.03533110637866525,0.0005311016552356399,0.8903843343868529,0.1989941063471531,0.40937174544541044,True,True,0.7966155977438829,0.7220497288866534,0.7593326633152682,-0.7593326633152682,9.46225357055664
Areta,10,841,94,0.9089716850205872,0.052067310188604436,1.0846808123587155e-06,1.281882695561037,0.37091408575787366,0.2471173076331653,True,True,0.1980326115490969,0.3500341543888844,0.27403338296899066,-0.27403338296899066,5.899975538253784
Areta,11,1434,122,0.49791636616679946,0.021266564406115716,1.0200744057174389e-08,1.0487092582785766,0.2774842636212513,0.3225742799285555,True,True,-0.04986702131401466,0.04111672697030222,-0.00437514717185622,0.00437514717185622,14.484411239624023
Areta,12,1639,222,0.6810740153187672,0.009133664798698274,0.0008751181021641395,0.9347006899233914,0.21599903663687342,0.21997635913583774,True,True,0.4858864611751543,0.5220622594588957,0.503974360317025,-0.503974360317025,19.178115367889404
Areta,13,1358,138,0.41934777064283896,0.0026963776849538664,1.3954313070411015e-05,1.174219324745297,0.15427671926951741,0.15791852702000486,True,True,-26.067049557739097,-8.059227499813183,-17.06313852877614,17.06313852877614,7.028469800949097
Areta,14,1727,70,0.7407839266246999,0.005572600364274265,5.996858780816017e-06,1.4557641521095501,0.2651595997242852,0.26909835977896357,True,True,-219.57597964708472,-20.355017633398667,-119.96549864024169,119.96549864024169,21.147063493728638
Areta,15,1238,236,0.7151853472803298,0.05028850276663569,3.8091333950992143e-08,1.0978423251770388,0.3813596683555653,0.103934335684841,True,True,0.41333900864931705,0.39204273706105675,0.4026908728551869,-0.4026908728551869,14.02818250656128
Areta,16,872,183,0.4253473581552261,0.005962138898730863,4.4987160379058443e-07,0.8405681315658377,0.30921448389776157,0.432511703509212,True,True,-0.20081773038379924,0.02178910754891228,-0.08951431141744348,0.08951431141744348,5.409759521484375
Areta,17,923,107,0.4392424703188726,0.017938944205682764,1.2467299365414224e-06,1.1751591432898256,0.22225079337523396,0.4177479830776425,True,True,0.7348952163161606,0.8006547330601419,0.7677749746881513,-0.7677749746881513,4.609385967254639
Areta,18,1040,108,0.6358448202571628,0.0034982408820637923,6.136865006533023e-05,1.053712363981741,0.3789469622981402,0.3684858487181065,True,True,-2.225099363693919,-0.7748946386208144,-1.4999970011573667,1.4999970011573667,9.723748922348022
Areta,19,979,83,0.6585806103743473,0.02100290344277527,4.6423103216720374e-05,0.9365935133826093,0.19010192938745235,0.2851742051255786,True,True,0.7703048487257039,0.6972030762571133,0.7337539624914087,-0.7337539624914087,4.525216579437256
Areta,20,1189,102,0.9849737008236078,0.0013724960980227236,2.03625493429363e-08,1.2911453879232102,0.09883495552338686,0.3965879972200488,True,True,-980997.7947790157,-1535.5551157142281,-491266.67494736495,491266.67494736495,4.113214015960693
Areta,21,1149,160,0.4502062548498233,0.0046437632900964585,6.944514901785907e-05,0.97627591612151,0.29923291053292767,0.3199837957489483,True,True,0.2614395738561496,0.3656653121326906,0.3135524429944201,-0.3135524429944201,9.087982177734375
Areta,22,1400,210,0.8227809856129573,0.0013086061214942594,0.0007304516537584063,1.266007855501615,0.14851416571339854,0.27069422546507294,True,True,-0.17401446118542907,-0.5838784643929191,-0.3789464627891741,0.3789464627891741,7.53423285484314
Areta,23,866,249,0.7994832301910729,0.0013642770295047306,7.134030377136022e-05,1.296898202801605,0.07446986316483442,0.33298411963328367,True,True,-36.02398035146782,-5.585684386541527,-20.804832369004675,20.804832369004675,2.3123795986175537
Areta,24,986,220,0.830459826538569,0.007103905763995992,1.9666490325755007e-07,0.9459669618577498,0.06965052102548583,0.23106700513326947,True,True,-279.8418241087789,-23.765594613176113,-151.8037093609775,151.8037093609775,2.584662914276123
Areta,25,1499,118,0.5231979235668983,0.0012642207469740455,6.348605793090551e-07,1.151829999115428,0.11672671918113565,0.17817017786982778,True,True,-1925.9497016072291,-77.88896609019663,-1001.9193338487129,1001.9193338487129,7.821431636810303
Areta,26,1415,228,0.6922436677374048,0.0020788401121794404,1.2283657318295838e-08,1.3463867415397053,0.3606388774220984,0.2512933032338336,True,True,-2340064.2337558726,-2992.5650071289274,-1171528.3993815007,1171528.3993815007,16.985597610473633
Areta,27,1192,161,0.575416545329867,0.0013882859410046622,6.381946208229221e-06,0.8721868297863852,0.3878091311389006,0.2298666378070659,True,True,-252.8501929591836,-23.56973859855795,-138.20996577887078,138.20996577887078,13.997334003448486
Areta,28,1299,219,0.8297850447205152,0.0010895979635822616,9.625066472987966e-05,0.8937388224227251,0.32900247710731517,0.35605538375839685,True,True,-0.1884983243355829,,-1000000.0,1000000.0,13.110246896743774
Areta,29,1151,66,0.3907535748684026,0.0013085485875181492,1.2821369882069633e-06,1.4073949356639706,0.20625855465490484,0.31535777358186146,True,True,-593.9854979339691,-44.04253235375478,-319.0140151438619,319.0140151438619,6.749568700790405
Areta,30,1748,240,0.47358103148360475,0.008164958462908746,8.186091662904214e-07,1.4753590296140204,0.19848359757588063,0.23006970360182516,True,True,-2.125056941925037,-1.3037048192269807,-1.7143808805760088,1.7143808805760088,15.495772123336792
Areta,31,914,166,0.4285798766636639,0.018112311407808827,1.3497847876048498e-05,1.3104319274257046,0.3204853168023506,0.2709525763298706,True,True,0.7919430056776346,0.8314350907197312,0.8116890481986829,-0.8116890481986829,6.1866302490234375
Areta,32,1343,74,0.36459604956724595,0.0010432811095570512,1.3665872100410524e-05,1.3942102401462253,0.283719726543214,0.2379817946009267,True,True,-167.00940693692695,-22.062820824478912,-94.53611388070293,94.53611388070293,13.000350713729858
Areta,33,1327,159,0.6532366834545306,0.014350583444546232,1.3356436767845573e-08,0.747426659846569,0.13530806948273494,0.2647076377378681,True,True,-16.624073226441354,-5.310891713398072,-10.967482469919712,10.967482469919712,6.693106651306152
Areta,34,1164,217,0.36704676088119353,0.0022428568296361494,1.215532059896755e-07,1.1967415482584554,0.37647027003941536,0.3091311706146457,True,True,-33.295191411442495,-6.640584402123518,-19.967887906783005,19.967887906783005,11.808914184570312
Areta,35,1674,116,0.790624338183563,0.0062380593401913055,1.3158787854296102e-05,1.0727019984931994,0.2668197757193669,0.24831505636142312,True,True,-39.03700072857328,-7.915433887169366,-23.476217307871323,23.476217307871323,19.31433916091919
Areta,36,1273,99,0.6775706080480284,0.012808182757985218,2.2204100913255709e-07,1.0252124495205972,0.23185279615731164,0.23209643419119028,True,True,-8.752027560925777,-3.6193021186068686,-6.185664839766323,6.185664839766323,10.123454809188843
Areta,37,1689,216,0.8652443563421665,0.0023860429724044613,5.17544945279971e-07,1.2480007107037232,0.35344973160353804,0.12591692293056023,True,True,-421.3577908064382,-23.83046864676048,-222.59412972659933,222.59412972659933,25.65313744544983
Areta,38,1598,165,0.5109809132727166,0.024282766093284287,4.980237110434823e-05,0.8963665460081965,0.19415665240334473,0.2622963678132637,True,True,0.8092675398902274,0.7757976636938332,0.7925326017920302,-0.7925326017920302,11.99224042892456
Areta,39,1531,189,0.4833811355897537,0.0076593119991192355,9.137422359602045e-07,1.125642553378131,0.07932129019446921,0.33486017123169376,True,True,-2.737321890156704,-1.6272469947293149,-2.1822844424430095,2.1822844424430095,5.439480781555176
Areta,40,885,159,0.44942541601911723,0.002984148917186093,6.849061115562794e-08,1.3819648807212883,0.08498739679349131,0.12492935790640872,True,True,-27.364799900827492,-5.722307729534785,-16.543553815181138,16.543553815181138,2.488222599029541
Areta,41,1444,165,0.47798366018287897,0.0011145365813294695,6.32147430580506e-05,0.7014851544114357,0.08859750017344106,0.2022868337205651,True,True,-35.63641303309885,-9.039576007029957,-22.337994520064402,22.337994520064402,5.925796747207642
Areta,42,939,60,0.39452202123627284,0.0011408897755007055,7.624783525572891e-08,1.0735628249738678,0.08506054221964918,0.35392857512498554,True,True,-6550.52152557792,-166.72185410906772,-3358.621689843494,3358.621689843494,2.714224338531494
Areta,43,1295,152,0.693124675375715,0.050665032415579535,3.4180940176932055e-07,1.3388928656048946,0.3002815797202882,0.27631315430423736,True,True,0.6576069567298513,0.7627317804520024,0.7101693685909268,-0.7101693685909268,11.89043664932251
Areta,44,1661,133,0.5352764909869849,0.006664400785324507,8.794124197437998e-05,0.8209640135388756,0.11416602780933593,0.42537243721516316,True,True,0.22019721560707695,0.3524596185786938,0.28632841709288537,-0.28632841709288537,8.236940383911133
Areta,45,1791,115,0.7387781555847214,0.05327669377151545,2.6317544140563427e-05,1.4999735355192991,0.21583960860608375,0.2591174768995934,True,True,0.8094578076088864,0.8678727548735146,0.8386652812412005,-0.8386652812412005,18.047244548797607
Areta,46,1558,113,0.6166988807298837,0.02082795862264774,1.6512866193614448e-08,1.3947229641446106,0.2938364754211811,0.1198525512383123,True,True,-2.7459770815780353,-1.2096782612257644,-1.9778276714018999,1.9778276714018999,17.908574104309082
Areta,47,1089,75,0.8434176551412695,0.006658692304902908,0.00012959763789314544,1.0115650523660222,0.29246872271440977,0.24694025776340367,True,True,-0.950634864074068,-0.22220188788555917,-0.5864183759798136,0.5864183759798136,8.076898574829102
Areta,48,1034,158,0.5107048897279916,0.06709602918070129,8.220976531360019e-07,1.4299124076082597,0.3792241081301426,0.19161686350283272,True,True,0.795073557421184,0.7926110645169014,0.7938423109690427,-0.7938423109690427,9.54113507270813
Areta,49,1647,188,0.3023077283665283,0.004330395840136658,7.335115120745361e-08,1.1291210757989856,0.20422772349760432,0.3847968992191846,True,True,-2.8458568219497717,-0.4062374296144018,-1.6260471257820868,1.6260471257820868,13.74592638015747
Areta,50,804,205,0.31184846586400494,0.011500073126104038,7.905211837655492e-05,1.3492692274862785,0.19270382998473945,0.44370997496113895,True,True,0.7292742430497676,0.6870200062283047,0.7081471246390362,-0.7081471246390362,3.3578269481658936
Areta,51,701,102,0.5169860952797776,0.010684651876379927,0.00028998444791456153,1.2352111308751237,0.21888115449541945,0.22538137742561737,True,True,0.6151541138734287,0.5987294814483937,0.6069417976609112,-0.6069417976609112,2.908301591873169
Areta,52,1460,93,0.390669339388694,0.012977476733229876,0.0002287516789376812,1.3767364470437435,0.1491811631996326,0.2827280482883744,True,True,0.7308656712427799,0.6840557979962948,0.7074607346195374,-0.7074607346195374,7.977796316146851
Areta,53,937,155,0.36913645870395895,0.0030779179609431236,0.0008824366442736237,1.0656547041709552,0.2209518604627066,0.21348811408324475,True,True,0.01544788457018742,0.2910047341658448,0.15322630936801612,-0.15322630936801612,5.0267415046691895
Areta,54,728,232,0.9854210548736703,0.002728424054563165,3.958520151195675e-06,1.133122353558207,0.16063330951372806,0.2547415177961544,True,True,-2459.6170870584365,-72.82384926111429,-1266.2204681597755,1266.2204681597755,2.5791242122650146
Areta,55,958,70,0.6334474995024949,0.0034324641698185343,1.3713523283593817e-05,1.1130693923129762,0.18657896056221362,0.3686255738165185,True,True,-6.314400679485577,-2.536719615667413,-4.425560147576495,4.425560147576495,4.495938301086426
Areta,56,1737,73,0.6587071567521802,0.0018141335301935845,7.97932906389443e-06,0.9871363024605053,0.2329532380804798,0.2203364132153904,True,True,-35.752107948981774,-6.935603120225156,-21.343855534603463,21.343855534603463,20.83626389503479
Areta,57,1790,118,0.340468175709526,0.06499717224787292,0.0005768242949343517,1.36789791239594,0.058308558976727626,0.3169794569026237,True,True,0.8189489614393975,0.7979559107859209,0.8084524361126593,-0.8084524361126593,6.539585828781128
Areta,58,790,250,0.5877154644917626,0.008471418409443758,4.038754943672792e-08,1.0400478171066276,0.16192264936715453,0.19211299840228327,True,True,-15.117814912484015,-3.5505290807726846,-9.33417199662835,9.33417199662835,3.145206928253174
Areta,59,745,165,0.4146893795592832,0.005163543382028712,0.00042355286651632863,0.7342268369110869,0.12772421288795285,0.3399481003886071,True,True,0.5050352414005613,0.5280395215637623,0.5165373814821619,-0.5165373814821619,2.5056862831115723
Areta,60,1262,242,0.7958409775936919,0.004535351894903496,0.00011940111405516851,0.8184503140847865,0.3857338125813897,0.31753123893275226,True,True,-4.0108474210317135,-1.7962711957735156,-2.9035593084026146,2.9035593084026146,15.946271896362305
Areta,61,1003,185,0.8388784798799728,0.003383806768189541,1.3711203810987414e-06,0.915337392306812,0.2354973277840981,0.37396699431089975,True,True,-12.44963996119497,-1.9241209460467488,-7.1868804536208595,7.1868804536208595,6.282088994979858
Areta,62,990,163,0.3432721926977843,0.0018851670825532788,3.8159883278033524e-05,1.0789092600023116,0.3000588067141127,0.3356563898463839,True,True,-31.56537045110641,-8.911494448487607,-20.23843244979701,20.23843244979701,7.256601810455322
Areta,63,1146,162,0.9131691343242199,0.008044992797251056,1.9203204894321987e-06,0.7480857652660036,0.1538395792052238,0.2779597370282033,True,True,-209.96487028492032,-18.350563767092666,-114.1577170260065,114.1577170260065,5.772891998291016
Areta,64,1167,243,0.6453904944264897,0.04889437665014832,2.000498065852422e-07,0.8666249059088589,0.3751840296370187,0.43251336918839867,True,True,0.7215077941686607,0.8030585917743358,0.7622831929714983,-0.7622831929714983,13.126157999038696
Areta,65,751,107,0.5128520297834746,0.003713536030453957,0.0005523589242427251,1.3123054610722895,0.20115879416624627,0.43490209082802733,True,True,-2.119420457826773,-1.1255891106711196,-1.6225047842489462,1.6225047842489462,3.2212250232696533
Areta,66,1669,114,0.9761904064294595,0.0035321346158011433,4.562996972115942e-06,0.8837165726189228,0.22047510152406574,0.40336477883975896,True,True,-447.66868819494977,-30.640941947284468,-239.15481507111713,239.15481507111713,16.942332983016968
Areta,67,767,62,0.4318910724044846,0.04318467143154198,1.6018158293765714e-05,1.3169883129028537,0.2490490323298023,0.34503669165207557,True,True,0.8240273473096917,0.8138145238307415,0.8189209355702166,-0.8189209355702166,3.964937210083008
Areta,68,913,247,0.4439010780344723,0.005509492545902874,2.0403496542570245e-07,0.7350567376172177,0.34431655668277017,0.16740962046667107,True,True,-0.4668001014149874,-0.011733613881285132,-0.23926685764813627,0.23926685764813627,6.778627395629883
Areta,69,784,193,0.39279179284298826,0.009149294246135439,1.8703018027034222e-08,1.2046951943885036,0.2921442368705062,0.29665512694002827,True,True,-2.0305605089527132,-1.3199094536943856,-1.6752349813235494,1.6752349813235494,4.74096941947937
Areta,70,860,239,0.495293941319387,0.005680038326932264,1.1293436667369823e-06,1.0881899934091543,0.3472136543793363,0.16504475736429913,True,True,-0.801495284073632,-0.22259436956619782,-0.5120448268199149,0.5120448268199149,6.43635892868042
Areta,71,807,177,0.5167850484144394,0.0029877826349329006,1.074562067797156e-08,1.4808400242397517,0.25967944640577245,0.17350496803623794,True,True,-4176.26322097817,-118.13817998729435,-2147.200700482732,2147.200700482732,4.3293538093566895
Areta,72,1114,148,0.5053787568897563,0.006778741923141065,0.0006889012327238161,0.8457826672419266,0.20412251861443903,0.27265451166222254,True,True,0.5082812685929252,0.5431576395533393,0.5257194540731323,-0.5257194540731323,7.268439769744873
Areta,73,1073,210,0.36488639809235707,0.0015069471159768403,3.753977147239025e-07,0.7006889464043473,0.10475341897053546,0.2015708103846448,True,True,-703.8883256509278,-54.48572835924204,-379.1870270050849,379.1870270050849,4.020233869552612
Areta,74,761,89,0.3118846545007785,0.001600573825922867,0.00038609836331128,1.3081943328721684,0.22659678733266658,0.15809232406820362,True,True,-7.765539789301361,-3.0989567094545363,-5.432248249377949,5.432248249377949,3.573279857635498
Areta,75,1312,147,0.5147475994517995,0.020309194048124667,0.0004370811038174387,1.2279886684463306,0.10675236367455687,0.44336079129866557,True,True,0.8031346103879474,0.7572000391014984,0.780167324744723,-0.780167324744723,5.910597562789917
Areta,76,1363,66,0.3550895084119794,0.012656854405712407,4.343474091014319e-07,1.1439964111480783,0.25444247811166226,0.10139017452809418,True,True,0.4839119267393943,0.5962214275700788,0.5400666771547366,-0.5400666771547366,12.471044778823853
Areta,77,783,208,0.7947088782151017,0.0010881349712959076,2.864161715989403e-05,0.7485890332761773,0.21708569068099537,0.34355335144525023,True,True,-0.1765440782639165,-0.5959674220778943,-0.3862557501709054,0.3862557501709054,3.690929889678955
Areta,78,955,181,0.362940393427869,0.034362990947803124,0.000514481951438943,1.223538189987257,0.18461073953860996,0.3822392602995267,True,True,0.8112293703445738,0.7325795499197331,0.7719044601321534,-0.7719044601321534,4.688934087753296
Areta,79,1593,214,0.4254319730933738,0.035463458002382,3.473656488837154e-06,1.107870187388555,0.34843021373984423,0.15368823583481125,True,True,0.7633287453413609,0.8137580348997204,0.7885433901205406,-0.7885433901205406,24.84702754020691
Areta,80,1790,102,0.5059183450396433,0.004606760527234348,0.0002596508497761121,1.4437619773413497,0.11393994242040922,0.3688696991568954,True,True,-0.08504844016957103,0.1765284974589464,0.04574002864468768,-0.04574002864468768,16.947972774505615
Areta,81,1775,215,0.6130994558314788,0.061933499294208605,1.8412392134937334e-07,0.9386871366748935,0.18934143294589345,0.3654940726058151,True,True,0.7108617784413291,0.8139465446825176,0.7624041615619234,-0.7624041615619234,16.51448655128479
Areta,82,1788,203,0.753329669120403,0.03166106068897071,2.030565547806609e-08,1.0512908733407076,0.24498121991677574,0.1870257310298753,True,True,-5.234507436776174,-2.4781040108812498,-3.856305723828712,3.856305723828712,25.226008892059326
Areta,83,1610,215,0.3535460560594799,0.09391776415483277,4.7453067621785356e-05,0.7711614820814868,0.09914897929032188,0.11704079189427315,True,True,0.752685823841153,0.724941975003025,0.738813899422089,-0.738813899422089,7.46899676322937
Areta,84,946,225,0.5713257391660519,0.031638341089706375,0.00014743318247271997,0.8741984069506484,0.3223744984143718,0.14256840051302677,True,True,0.7809208692566136,0.7275295987535864,0.7542252340051,-0.7542252340051,6.882594585418701
Areta,85,1402,101,0.4826072583402122,0.0012515028602250032,2.800989550076112e-07,0.8793811680860746,0.3653650175362902,0.13865305304964057,True,True,-3711.8733394974347,-126.25834681036095,-1919.0658431538977,1919.0658431538977,19.021997690200806
Areta,86,1762,146,0.6104560463849319,0.0088151170791963,1.9558216989037642e-08,1.4011351542393142,0.176849922825991,0.44080621508929085,True,True,-240.90579429540696,-22.281259659265405,-131.59352697733618,131.59352697733618,15.397420406341553
Areta,87,1540,189,0.6127835072300323,0.0069522647889384255,6.397134376622285e-06,1.0466896539246624,0.28133647821210317,0.26489842630299176,True,True,-0.2940053139690688,0.0975573951000176,-0.09822395943452561,0.09822395943452561,17.917492866516113
Areta,88,1420,246,0.773504621073851,0.016560417355474477,0.0006874652295919654,0.7780614483712797,0.2757204053641076,0.4063940358501651,True,True,0.6457808552325379,0.6417137355411429,0.6437472953868404,-0.6437472953868404,14.46137285232544
Areta,89,1277,140,0.4509967312325877,0.0716158376386921,3.037267597452908e-06,1.0943389201985059,0.35143758494421024,0.33919824694982004,True,True,0.7900000606848154,0.8187498747146136,0.8043749676997145,-0.8043749676997145,15.100295066833496
Areta,90,1197,112,0.8296675581045203,0.04705283747139567,2.448486668973175e-07,1.1662455858818306,0.09246033817915622,0.3613963962245874,True,True,0.41138287759151104,0.5374577650150877,0.47442032130329936,-0.47442032130329936,4.20371150970459
Areta,91,976,229,0.3379638789958726,0.00803794389862933,2.874429387852319e-08,0.9970046607127183,0.12710721106966905,0.23573329261936826,True,True,-0.9388958669905874,-0.6533732363534561,-0.7961345516720217,0.7961345516720217,3.720757007598877
Areta,92,831,116,0.7816198013654168,0.01066260956870589,1.732712506644252e-08,1.1409977259591486,0.29051533584529315,0.2467235790581867,True,True,-904.6711211321622,-47.38928358129746,-476.03020235672983,476.03020235672983,5.048961877822876
Areta,93,912,212,0.5169077979952391,0.007572000714862402,3.860857697471488e-05,1.1142601714750853,0.08394112760660019,0.38408970020597477,True,True,0.25253524024644947,0.35497600453546896,0.3037556223909592,-0.3037556223909592,2.661652088165283
Areta,94,954,226,0.7234900832314933,0.022785162604249957,2.5846827044972256e-06,0.9568948033838909,0.17377167270592422,0.4299157305819139,True,True,0.5698972095258423,0.6634622787579834,0.6166797441419128,-0.6166797441419128,4.321913003921509
Areta,95,1584,148,0.6024538833659379,0.01335579997089843,3.1758892052308182e-06,1.104077907587126,0.07848825911829362,0.3032737291652312,True,True,0.10440560597355153,0.34163053947206645,0.223018072722809,-0.223018072722809,6.285536050796509
Areta,96,1512,154,0.314569241519053,0.0017444233616304575,9.172625493575083e-06,1.0529496178625264,0.3329039186259506,0.11606675912247572,True,True,-75.65799425708364,-15.686923451608639,-45.67245885434614,45.67245885434614,24.120975494384766
Areta,97,1786,137,0.992036120800472,0.09154859837419087,1.2258752534163202e-06,1.243363243851488,0.10703524849449234,0.23740549238451122,True,True,-0.127570585137037,0.1657176649614558,0.019073539912209392,-0.019073539912209392,9.985500812530518
Areta,98,853,237,0.5294653515804834,0.006775647778527406,7.33398965169766e-05,0.8358965641027294,0.25449428145963504,0.3684922793004237,True,True,0.2242762560163819,0.33061041708692507,0.2774433365516535,-0.2774433365516535,4.700709342956543
Areta,99,1316,139,0.3676957857388209,0.051934230784030616,0.00021052469033877932,1.1785921104570114,0.13845908982937571,0.3804238300127438,True,True,0.8246100697851763,0.7688763290428396,0.796743199414008,-0.796743199414008,7.049475193023682
